prediction,confidence,number,first_name
M,1.0,81000,Abraham
M,1.0,1748577,Thomas
F,1.0,482064,Julie
F,1.0,110668,Sue
F,1.0,929806,Sarah
M,1.0,1175543,Andrew
M,0.97,273839,Joe
M,0.97,950821,Ryan
M,1.0,990486,Timothy
M,1.0,3336402,Robert
F,1.0,36338,Kyra
F,1.0,326540,Ann
M,1.0,28124,Ken
F,1.0,86029,Felicia
M,0.99,142765,Tommy
F,0.86,531050,Kelly
F,1.0,372410,Sara
M,1.0,27891,Darrin
M,1.0,189987,Steve
F,1.0,559887,Brenda
M,0.99,73164,Tyrone
F,1.0,2339605,Mary
M,1.0,3419699,John
F,1.0,50635,Cara
M,1.0,62,TC
M,1.0,1115334,Kevin
M,1.0,756245,Gary
M,1.0,103349,Jim
F,1.0,335542,Diana
M,1.0,47426,Graham
M,1.0,47425,Ben
M,0.96,259219,Alex
F,0.99,678216,Carol
F,1.0,140376,Annette
M,1.0,13882,Phil
F,1.0,144913,Beth
M,1.0,19318,Matt
M,1.0,160705,Mike
M,1.0,336742,Roger
F,0.99,213445,Michele
F,1.0,523287,Rachel
F,1.0,98980,Kara
F,1.0,551507,Pamela
F,1.0,656613,Cynthia
M,1.0,1171197,Steven
F,0.86,14079,Jewell
F,1.0,33,Bronna
F,1.0,45,Padma
M,0.98,47582,Beau
M,1.0,3108986,David
F,1.0,714380,Donna
F,1.0,14918,Mari
M,1.0,643583,Gregory
M,1.0,285350,Luke
M,0.99,30463,Terence
F,1.0,511229,Christine
M,1.0,477104,Jack
M,1.0,20590,Amos
M,1.0,76668,Brad
M,1.0,900641,Jeffrey
M,0.96,161491,Ronnie
F,0.99,156687,Laurie
M,1.0,371259,Bryan
M,1.0,5713,Yousef
M,0.97,183,Daire
M,0.81,451068,Terry
F,1.0,26934,Helena
M,0.93,4062,Nate
M,0.99,292186,Bradley
M,1.0,72197,Tim
M,1.0,2704856,William
F,1.0,577177,Samantha
M,1.0,1877010,Richard
F,1.0,325755,Lori
M,1.0,1221076,Mark
M,1.0,712706,Scott
M,1.0,69796,Greg
M,0.99,213334,Rodney
F,1.0,150583,Regina
F,1.0,86824,Pauline
M,1.0,1002759,Jason
F,1.0,907757,Karen
F,1.0,633827,Angela
F,1.0,3435,Tenisha
M,1.0,103179,Jeff
F,1.0,721628,Stephanie
